{
  "a": 0.05933191627264023,
  "b": -5.0348992347717285
}