{
  "a": 0.269101619720459,
  "b": -3.261551856994629
}