{
  "a": 1.5141955614089966,
  "b": 5.507617950439453
}