{
  "a": 0.13231860101222992,
  "b": -1.7468607425689697
}