{
  "a": 0.28109848499298096,
  "b": -3.0849497318267822
}