{
  "a": 0.008943050168454647,
  "b": -1.726004719734192
}