{
  "a": 0.09990493208169937,
  "b": -1.3388047218322754
}