{
  "a": 1.9941918849945068,
  "b": 5.789497375488281
}