{
  "a": 0.06862708181142807,
  "b": -3.7598180770874023
}