{
  "a": 4.633207321166992,
  "b": -0.10056477785110474
}