{
  "a": 2.5578691959381104,
  "b": -0.3828727602958679
}