{
  "a": 0.040167927742004395,
  "b": -0.7533031702041626
}