{
  "a": 0.227810338139534,
  "b": -2.3514721393585205
}