{
  "a": 0.11695236712694168,
  "b": -1.5511767864227295
}