{
  "a": 4.658413410186768,
  "b": 3.2829174995422363
}