{
  "a": 0.25887611508369446,
  "b": -3.1603238582611084
}