{
  "a": 0.3819153308868408,
  "b": -4.323053359985352
}