{
  "a": 3.3643810749053955,
  "b": 3.0104877948760986
}