{
  "a": 1.8671483993530273,
  "b": 4.928143501281738
}