{
  "a": 1.5891941785812378,
  "b": 5.087827682495117
}