{
  "a": 0.013390837237238884,
  "b": -2.912257671356201
}