{
  "a": 0.32610562443733215,
  "b": -1.9284957647323608
}