{
  "a": 0.16371290385723114,
  "b": -2.074119806289673
}