{
  "a": 1.485112190246582,
  "b": 3.7091779708862305
}