{
  "a": 0.06824535131454468,
  "b": -0.9413888454437256
}