{
  "a": 5.571166038513184,
  "b": 1.7254520654678345
}