{
  "a": 1.3534977436065674,
  "b": 5.693664073944092
}