{
  "a": 3.39105224609375,
  "b": 4.835582256317139
}