{
  "a": 0.12297555804252625,
  "b": -1.6230937242507935
}