{
  "a": 1.5998220443725586,
  "b": 5.5875749588012695
}