{
  "a": 0.1069217324256897,
  "b": -1.426938533782959
}