{
  "a": 4.545355796813965,
  "b": 4.672866344451904
}