{
  "a": 0.37750038504600525,
  "b": 0.9263561964035034
}