{
  "a": 0.15374106168746948,
  "b": -1.9277437925338745
}