{
  "a": 0.019568130373954773,
  "b": -3.2590088844299316
}