seed,layer_idx,l2,split,accuracy,precision,recall,f1,auroc
0,16,0.0,train,0.9573324330641182,0.0,0.0,0.0,0.519624650478363
0,16,0.0,val,0.9578777022160276,0.0,0.0,0.0,0.5193997621536255
0,16,0.0001,train,0.9573324330641182,0.0,0.0,0.0,0.519624650478363
0,16,0.0001,val,0.9578777022160276,0.0,0.0,0.0,0.5193997621536255
0,16,0.001,train,0.9573324330641182,0.0,0.0,0.0,0.519624650478363
0,16,0.001,val,0.9578777022160276,0.0,0.0,0.0,0.5193997621536255
0,16,0.01,train,0.9573324330641182,0.0,0.0,0.0,0.519624650478363
0,16,0.01,val,0.9578777022160276,0.0,0.0,0.0,0.5193997621536255
